{"cameraMode":{"drawMode":2,"name":"Shaded Wireframe","section":"Shading Mode"},"sceneLighting":true,"audioPlay":false,"sceneViewState":{"m_AlwaysRefresh":false,"showFog":true,"showSkybox":true,"showFlares":true,"showImageEffects":true,"showParticleSystems":true,"showVisualEffectGraphs":true,"m_FxEnabled":true},"in2DMode":false,"pivot":{"x":-2.2555220127105715,"y":-2.6168835163116457,"z":44.55436706542969},"rotation":{"x":0.16068395972251893,"y":-0.015979796648025514,"z":0.0026935304049402477,"w":0.9869253039360046},"size":12.149584770202637,"orthographic":false}