{"cameraMode":{"drawMode":2,"name":"Shaded Wireframe","section":"Shading Mode"},"sceneLighting":true,"audioPlay":false,"sceneViewState":{"m_AlwaysRefresh":false,"showFog":true,"showSkybox":true,"showFlares":true,"showImageEffects":true,"showParticleSystems":true,"showVisualEffectGraphs":true,"m_FxEnabled":true},"in2DMode":false,"pivot":{"x":-18.481639862060548,"y":-1.9513185024261475,"z":44.592647552490237},"rotation":{"x":0.04435998573899269,"y":0.03307025507092476,"z":-0.0016996271442621947,"w":0.9986515641212463},"size":52.86338806152344,"orthographic":false}